model_name,avg_inference_time,max_memory_usage,faces_detected,fps
MTCNN,0.1488032341003418,647.3125,1.0,6.72028404520882
YOLOv8m,1.4972922325134277,846.5390625,1.8,0.6678722952575205
YOLOv9m,2.1498955726623534,984.0859375,1.0,0.46513887126230785
YOLOv10m,1.519454574584961,1028.6328125,1.0,0.6581308956032134
